Workbook

Sheet Bio
A1: Player Name | B1: Graduating Class | C1: High School / College | D1: Select Team | E1: Position 1 | F1: Position 2 | G1: Height | H1: Weight | I1: Video Behind | J1: Video Side | K1: Video Other
A2: Matthew Heredia | B2: 2028 | C2: Southlake Carroll | D2: N/A | E2: SS | F2: RHP | G2: 5'9" | H2: 165 | I2: https://drive.google.com/file/d/1EypgKD4iai_2bxYZ02LxfcuJRP61xiFY/view?usp=drive_link | J2: https://drive.google.com/file/d/1rMvDDg_jf1oDnBp3o8vLDcIiK32KosU3/view?usp=drive_link | K2: https://drive.google.com/file/d/1AmWmBwh-BB7tu9PmDYvfTvHWgRDw7GCh/view?usp=drive_link
A3: Jason Drew | B3: 2029 | C3: Flower Mound | D3: North Texas 9 | E3: RHP | F3: INF | G3: 5'9" | H3: 165 | I3: https://drive.google.com/file/d/1OEeTgB46qLePMLwnXfQTn2qnCTWbZz_8/view?usp=drive_link | J3: https://drive.google.com/file/d/1OnsKMTO_bF0IO8f7TXoWdrTvZYKVbIQW/view?usp=drive_link | K3: https://drive.google.com/file/d/1ZfVs9YsxBWEdwQOJu5PCMF4sCznsjl3-/view?usp=drive_link
A4: Josh Jacob | B4: 2027 | C4: Garland Christian | D4: Arlington A's | E4: RHP | F4: MIF | G4: 5'8 | H4: 150 | I4: https://drive.google.com/file/d/1mTDIkMk3n5Sq3LdJmFjJAzLsW5D_mwWf/view?usp=drive_link | J4: https://drive.google.com/file/d/1DDJaZRD7nyoN-F-rZullSVNzExsSPCj_/view?usp=drive_link | K4: https://drive.google.com/file/d/1h49PFU3P8oAfViCpTTXrsnEByjKY-O_G/view?usp=drive_link
A5: Collin Vaughan | B5: 2027 | C5: Walnut Grove | D5: Dallas Tigers | E5: RHP | F5: N/A | G5: 6'0 | H5: 190 | I5: https://drive.google.com/file/d/1KU1ftYHPc15ZS0Kz70XNMYGiTeP-DCiC/view?usp=drive_link | J5: https://drive.google.com/file/d/1Yyv4fYHTu17nI4pEGkNa3Kj4M_eyCPKK/view?usp=drive_link | K5: https://drive.google.com/file/d/1hbQjGySwzqkoq9rtfSU9eS3vCROTyTNN/view?usp=drive_link
A6: Harrison Coneway | B6: 2028 | C6: Panther Creek | D6: Frozen Ropes | E6: RHP | F6: OF/1B | G6: 6'0 | H6: 170 | I6: https://drive.google.com/file/d/1Bg1d7bLdgk7HD1dHCh1821JagU4XafBN/view?usp=drive_link | K6: https://drive.google.com/file/d/1rWhQ0UochRS0_BRUGInT-a8DLE8TTg0s/view?usp=drive_link
A7: Vince Long | B7: 2026 | C7: Guyer | D7: Canes | E7: RHP | F7: 3B | G7: 6'0 | H7: 195 | I7: https://drive.google.com/file/d/1EPh3RvC8pbnupYlrOKBGhBAongtysCKy/view?usp=drive_link | J7: https://drive.google.com/file/d/1bJ1oqgC78CGyLlKI_o-x5YqxpRaz_AQC/view?usp=drive_link
A8: Noah Satine | B8: 2026 | C8: Argyle | D8: Spartans-Bishop | E8: RHP | F8: 2B/OF | G8: 5'8 | H8: 167 | I8: https://drive.google.com/file/d/18FBPQdDwHzfjwK-4oaSwdXkveH2CGQ3W/view?usp=drive_link | J8: https://drive.google.com/file/d/1gy6P5CzzksxLroxHvhDXWxjhrWGZS5lG/view?usp=drive_link | K8: https://drive.google.com/file/d/1lhiIXhUL9jnxNj43N9eiXBlkDbyN-yCP/view?usp=drive_link
A9: Ford Stratton | B9: 2028 | C9: Coram Deo Academy | D9: N/A | E9: RHP | F9: 1B | G9: 6'1 | H9: 180
A10: Jack Snakenberg | B10: 2027 | C10: Argyle | D10: Dallas Tigers | E10: LHP | F10: 1B | G10: 5'11 | H10: 210 | I10: https://drive.google.com/file/d/1eo0fhuGqdzQH8-_p4nuKjKPtpjcaC7Pi/view?usp=drive_link | K10: https://drive.google.com/file/d/1DPyawnfZYIxlriOxSxCRaIjZt3XBDgr5/view?usp=drive_link
A11: Koji Paul (Hitter) | B11: 2027 | C11: Wylie | D11: WOW Factor | E11: OF | F11: N/A | G11: 6'0 | H11: 175
A12: Preston Steeno | B12: 2025 | C12: Lewisville | D12: Dallas Patriots | E12: LHP | F12: N/A | G12: 5'10 | H12: 205
A13: Andy Torres | B13: 2026 | C13: Lewisville | D13: University of Baseball | E13: RHP | F13: 1B/OF | G13: 6'1 | H13: 170 | I13: https://drive.google.com/file/d/1k1xcGqbYPETjobysIlzU3ayRHBUEo642/view?usp=drive_link | J13: https://drive.google.com/file/d/108DhPagZiWYCMy_ah5kkFEoymjnv0nAH/view?usp=drive_link | K13: https://drive.google.com/file/d/1UGYfRKxdV9j-qExtPuhnHqAJ3Ix23s9F/view?usp=drive_link
A14: Mason Duncan | B14: 2027 | C14: Flower Mound | D14: Dallas Tigers | E14: RHP | F14: N/A | G14: 6'5 | H14: 235 | I14: https://drive.google.com/file/d/1IXzTB7hmoMHZR4TeHMfLmtmyn-v4hm-i/view?usp=drive_link | J14: https://drive.google.com/file/d/1mWgmqv_ZOh5TwILjCZINU4Hg-1tw4IFW/view?usp=drive_link | K14: https://drive.google.com/file/d/1vN--Jx16T1zna5hYpu_BOzkF1h31N_Gw/view?usp=drive_link
A15: Donnie Hooten | B15: 2026 | C15: Tom Bean | D15: N/A | E15: RHP | F15: SS | G15: 6'2 | H15: 195 | I15: https://drive.google.com/file/d/1Sf4Mkp0nwztcEC738YepPEV0ysKVXL0p/view?usp=drive_link | J15: https://drive.google.com/file/d/1KiA7sEFQJdr4xpQjeBVmjnGXjBMVuw6A/view?usp=drive_link | K15: https://drive.google.com/file/d/1-tkf4yng_C07io5YT1CaQOtoDTXeRCYS/view?usp=drive_link
A16: Lucas Arnold | B16: 2029 | C16: Liberty Christian | D16: Dulins | E16: RHP | F16: 3B/OF | G16: 6'1 | H16: 185 | I16: https://drive.google.com/file/d/1pt6bUXWNwUw6mgfo8dBjkCow2NhcG1eQ/view?usp=drive_link | J16: https://drive.google.com/file/d/1ufBWis6EY0jyC-iNvlzJ3dsrm1u1Sjmf/view?usp=drive_link | K16: https://drive.google.com/file/d/1Smbd1Th4efHcaX1koY-H7AeQpt1cNxuy/view?usp=drive_link
A17: Blake Lyle | B17: 2029 | C17: Walnut Grove | D17: WOW Factor | E17: LHP | F17: N/A | G17: 6'0 | H17: 150 | I17: https://drive.google.com/file/d/1xuhmlRCTPxZzFRtuZYoNRhH6T9q6kiD5/view?usp=drive_link | J17: https://drive.google.com/file/d/108DhPagZiWYCMy_ah5kkFEoymjnv0nAH/view?usp=drive_link | K17: https://drive.google.com/file/d/1JO7mnYnF6D5jX7wQAhJDT2npDQAfft6W/view?usp=drive_link
A18: Caleb Hunter | B18: 2030 | C18: Marcus | D18: Impact | E18: RHP | F18: 2B
A19: Zander Zangoei | B19: 2029 | C19: Flower Mound | D19: Dallas Tigers | E19: RHP | F19: Corner INF
A20: Blake Stewart | B20: 2028 | C20: Flower Mound | D20: USA Prime | E20: LHP | F20: OF
A21: Matthew Siskowski | B21: 2028 | C21: Marcus | D21: NTX Titans | E21: RHP | F21: N/A
A22: Linkyn Fuller | B22: 2027 | C22: Little Elm | D22: Durner | E22: RHP | F22: N/A | G22: 5'9 | H22: 156

Sheet Motor Preferences
A1: Athlete | B1: Motor Preference | C1: Associated/ Disassociated | D1: Extension Leg | E1: Supination / Pronation | F1: Axial/Large | G1: Vertical/ Horizontal | H1: Motor Shoulder | I1: Motor Eye | J1: Breathe In / Out | K1: Focal/Global Vision | L1: Red/Blue | M1: Point 1 | N1: Point 2 | O1: Point 3 | P1: Point 4
A2: =Bio!A2 -> Matthew Heredia | B2: Aerial | C2: Disassociated | D2: Right | E2: Supination | F2: Large | G2: Horizontal | H2: Right | I2: N/A | J2: Breathe Out | K2: Global | L2: Red | M2: Right Forefoot | N2: N/A | O2: N/A | P2: Right Heel
A3: =Bio!A3 -> Jason Drew | B3: Terrestrial | C3: Disassociated | D3: Right | E3: Pronation | F3: Large | G3: Vertical | H3: Left | I3: N/A | J3: Breathe In | K3: Focal | L3: Blue | M3: Right Heel | N3: N/A | O3: N/A | P3: Left Forefoot
A4: =Bio!A4 -> Josh Jacob | B4: Terrestrial | C4: Disassociated | D4: Left | E4: Pronation | F4: Axial | G4: Horizontal | H4: Right | I4: N/A | J4: Breathe In | K4: Focal | L4: Blue | M4: Left Heel | N4: Right Heel | O4: Left Forefoot | P4: Right Forefoot
A5: =Bio!A5 -> Collin Vaughan | B5: Terrestrial | C5: Disassociated | D5: Left | E5: Pronation | F5: Large | G5: Horizontal | H5: Right | I5: N/A | J5: Breathe In | K5: Focal | L5: Blue | M5: Left Heel | N5: Left Forefoot | O5: Right Heel | P5: Right Forefoot
A6: =Bio!A6 -> Harrison Coneway | B6: Aerial | C6: Associated | D6: Right | E6: Supination | F6: Large | G6: Vertical | H6: Right | I6: Right | J6: Breathe In | K6: Focal | L6: Blue | M6: Right Forefoot | N6: Left Forefoot | O6: Left Heel | P6: Right Heel
A7: =Bio!A7 -> Vince Long | B7: Terrestrial | C7: Disassociated | D7: Right | E7: Pronation | F7: Axial | G7: Vertical | H7: Right | I7: Right | J7: Breathe In | K7: Focal | L7: Blue | M7: Right Heel | N7: N/A | O7: N/A | P7: Left Forefoot
A8: =Bio!A8 -> Noah Satine | B8: Aerial | C8: Disassociated | D8: Left | E8: Supination | F8: Large | G8: Vertical | H8: Left | I8: Right | J8: Breathe Out | K8: Global | L8: Red | M8: Left Forefoot | N8: N/A | O8: N/A | P8: Left Heel
A9: =Bio!A9 -> Ford Stratton | B9: Aerial | C9: Disassociated | D9: Left | E9: Supination | F9: Large | G9: Vertical | H9: Right | I9: Left | J9: Breathe Out | K9: Global | L9: Red | M9: Left Forefoot | N9: N/A | O9: N/A | P9: Left Heel
A10: =Bio!A10 -> Jack Snakenberg | B10: Terrestrial | C10: Disassociated | D10: Left | E10: Pronation | F10: Axial | G10: Vertical | H10: Left | I10: Left | J10: Breathe In | K10: Focal | L10: Blue | M10: Left Heel | N10: Right Heel | O10: Left Forefoot | P10: Right Forefoot
A11: =Bio!A11 -> Koji Paul (Hitter) | B11: Terrestrial | C11: Disassociated | D11: Right | E11: Pronation | F11: Axial | G11: Vertical | H11: Right | I11: Left | J11: Breathe In | K11: Focal | L11: Blue | M11: Right Heel | N11: N/A | O11: N/A | P11: Left Forefoot
A12: =Bio!A12 -> Preston Steeno | B12: Terrestrial | C12: Disassociated | D12: Right | E12: Pronation | F12: Axial | G12: Horizontal | H12: Left (possible dysfunction) | I12: Right | J12: Breathe In | M12: Right Heel | N12: Left Heel | O12: N/A | P12: N/A
A13: =Bio!A13 -> Andy Torres | B13: Aerial | C13: Disassociated | D13: Right | E13: Supination | F13: Axial (close test) | G13: Horizontal (close test) | H13: Left | I13: Left | J13: Breathe Out | K13: Global | L13: Red | M13: Right Forefoot | N13: Left Heel | O13: Left Forefoot | P13: Right Heel
A14: =Bio!A14 -> Mason Duncan | B14: Terrestrial | C14: Disassociated | D14: Right | E14: Supination | F14: Large | G14: Horizontal | H14: Left | I14: Right | J14: Breathe In | K14: Focal | L14: Blue
A15: =Bio!A15 -> Donnie Hooten | B15: Aerial | C15: Associated | D15: Left | E15: Supination | F15: Large | G15: Vertical | H15: Left | I15: Right
A16: =Bio!A16 -> Lucas Arnold | B16: Terrestrial | C16: Disassociated | D16: Left | E16: Pronation | F16: Large | G16: Vertical | H16: Left | I16: Right | J16: Breathe Out | K16: Global | L16: Red | M16: Left Forefoot | N16: Right Forefoot | O16: Right Heel | P16: Left Heel
A17: =Bio!A17 -> Blake Lyle | B17: Aerial | C17: Disassociated | D17: Left | E17: Supination | F17: Large | G17: Vertical | H17: Left | I17: N/A | J17: Breathe Out | K17: Global | L17: Red | M17: Left Forefoot | N17: N/A | O17: N/A | P17: Left Heel
A18: =Bio!A18 -> Caleb Hunter | B18: Aerial | C18: N/A | D18: Left | E18: N/A | F18: Large | G18: N/A | H18: N/A | I18: N/A | J18: N/A | K18: N/A | L18: N/A | M18: N/A | N18: N/A | O18: N/A | P18: N/A
A19: =Bio!A19 -> Zander Zangoei | B19: Aerial | C19: Disassociated | D19: Right | E19: N/A | F19: Axial | G19: Vertical | H19: Left | I19: Left | J19: Breathe Out | K19: Global | L19: Red | M19: N/A | N19: N/A | O19: N/A | P19: N/A
A20: =Bio!A20 -> Blake Stewart | B20: Aerial | C20: Disassociated | D20: Right | E20: N/A | F20: Axial | G20: Horizontal | H20: Left | I20: Left | J20: Breathe Out | K20: Global | L20: Red | M20: N/A | N20: N/A | O20: N/A | P20: N/A
A21: =Bio!A21 -> Matthew Siskowski | B21: Aerial | C21: Disassociated | D21: Left | E21: N/A | F21: Large | G21: Horizontal | H21: Left | I21: Right | J21: Breathe Out | K21: Global | L21: Red | M21: Left Forefoot | N21: Right Heel | O21: Right Forefoot | P21: Left Heel
A22: =Bio!A22 -> Linkyn Fuller | B22: Aerial | C22: Associated | D22: Right | E22: N/A | F22: Large | G22: Vertical (close) | H22: Right | I22: Left | J22: Breathe In | K22: Focal | L22: Blue | M22: N/A | N22: N/A | O22: N/A | P22: N/A
A23: =Bio!A23
A24: =Bio!A24
A25: =Bio!A25
A26: =Bio!A26
A27: =Bio!A27
A28: =Bio!A28

Sheet Power Testing
A1: Name | B1: Test Date | C1: Test Number | D1: Body Weight | E1: 4lb MB Shot Put (Left) | F1: 4lb MB Shot Put (Right) | G1: Vert- Regular | H1: Vert- CMJ | I1: Vert- Step In | J1: Squat (1.00% BW) | K1: Bench Speed (.75% BW) | L1: Trap Bar (1.25% BW) | M1: Triple Broad Jump
A2: =Bio!A2 -> Matthew Heredia | B2: 46084 | C2: 1 | D2: 165 | E2: 27.1 | F2: 33.1 | G2: 29.7 | H2: 24.3 | I2: 29.8 | J2: N/A | K2: N/A | L2: N/A | M2: N/A
A3: =Bio!A3 -> Jason Drew | B3: 46090 | C3: 1 | D3: 165 | E3: 23.9 | F3: 28.1 | G3: 15.5 | H3: 14.4 | I3: 17.2 | J3: 0.7 | K3: 0.33 | L3: 0.62 | M3: 258
A4: =Bio!A4 -> Josh Jacob | B4: 46050 | C4: 1 | D4: 150 | E4: 26.1 | F4: 29.5 | G4: 26.5 | H4: 20.5 | I4: 29.3 | J4: 0.95 | K4: 0.55 | L4: 0.96 | M4: 312
A5: =Bio!A5 -> Collin Vaughan | B5: N/A | C5: N/A | D5: N/A | E5: N/A | F5: N/A | G5: N/A | H5: N/A | I5: N/A | J5: N/A | K5: N/A | L5: N/A | M5: N/A
A6: =Bio!A6 -> Harrison Coneway | B6: 46045 | C6: 2 | D6: 170 | E6: 23.5 | F6: 30.3 | G6: 24.5 | H6: 20.7 | I6: 26.6 | J6: 0.77 | K6: 0.58 | L6: 0.91 | M6: 326
A7: =Bio!A7 -> Vince Long | B7: 46000 | C7: 2 | D7: 195 | E7: 25.9 | F7: 30.9 | G7: 25.3 | H7: 23.3 | I7: 26.6 | J7: 0.82 | K7: 0.77 | L7: 0.7 | M7: 313
A8: =Bio!A8 -> Noah Satine | B8: 46045 | C8: 2 | D8: 170 | E8: 27.9 | F8: 31.4 | G8: 28.6 | H8: 24.7 | I8: 29.7 | J8: 0.92 | K8: 0.77 | L8: 0.93 | M8: 318
A9: =Bio!A9 -> Ford Stratton | B9: 46043 | C9: 2 | D9: 180 | E9: 24.9 | F9: 29.4 | G9: 20.5 | H9: 17.3 | I9: 22.2 | J9: 0.68 | K9: 0.43 | L9: 0.76 | M9: 278
A10: =Bio!A10 -> Jack Snakenberg | B10: 46049 | C10: 1 | D10: 210 | E10: 30.9 | F10: 27.7 | G10: 22.3 | H10: 21.4 | I10: 24 | J10: 0.92 | K10: 0.5 | L10: 0.87 | M10: 297
A11: =Bio!A11 -> Koji Paul (Hitter) | B11: 46051 | C11: 2 | D11: 175 | E11: 26.1 | F11: 29.8 | G11: 25.9 | H11: 22.4 | I11: 27.1 | J11: 0.86 | K11: 0.92 | L11: 0.77 | M11: 320
A12: =Bio!A12 -> Preston Steeno | B12: 46043 | C12: 2 | D12: 205 | E12: 32.2 | F12: 27.1 | G12: 21 | H12: 18.6 | I12: 23.2 | J12: 0.62 | K12: 0.31 | L12: 0.46 | M12: 271
A13: =Bio!A13 -> Andy Torres | B13: 46043 | C13: 2 | D13: 170 | E13: 28.5 | F13: 30.8 | G13: 28.1 | H13: 24.2 | I13: 30.3 | J13: 0.81 | K13: 0.74 | L13: 0.6 | M13: 322
A14: =Bio!A14 -> Mason Duncan | B14: N/A | C14: N/A | D14: N/A | E14: N/A | F14: N/A | G14: N/A | H14: N/A | I14: N/A | J14: N/A | K14: N/A | L14: N/A | M14: N/A
A15: =Bio!A15 -> Donnie Hooten | B15: 46044 | C15: 1 | D15: 195 | E15: 29 | F15: 30.2 | G15: 28.5 | H15: 25.7 | I15: 31 | J15: 0.93 | K15: 0.72 | L15: 0.79 | M15: 341
A16: =Bio!A16 -> Lucas Arnold | B16: 46043 | C16: 1 | D16: 185 | E16: 28.9 | F16: 30.3 | G16: 25.3 | H16: 21.2 | I16: 26.9 | J16: 0.84 | K16: 0.67 | L16: 0.86 | M16: 310
A17: =Bio!A17 -> Blake Lyle | B17: 46120 | C17: 1 | D17: 150 | E17: 26.2 | F17: 25 | G17: 23.8 | H17: 20.7 | I17: 25.7 | J17: N/A | K17: N/A | L17: N/A | M17: N/A
A18: =Bio!A18 -> Caleb Hunter | B18: 46143 | C18: 1 | D18: 142 | E18: 22.1 | F18: 25.4 | G18: 21.8 | H18: 16.6 | I18: 23.4 | J18: N/A | K18: N/A | L18: N/A | M18: N/A
A19: =Bio!A19 -> Zander Zangoei | B19: 46143 | C19: 1 | D19: N/A | E19: 28.1 | F19: 29.9 | G19: 22.9 | H19: 19.9 | I19: 25.8 | J19: N/A | K19: N/A | L19: N/A | M19: 298
A20: =Bio!A20 -> Blake Stewart | B20: 46143 | C20: 1 | D20: N/A | E20: 30.6 | F20: 28.9 | G20: 25.8 | H20: 24.4 | I20: 27.2 | J20: N/A | K20: N/A | L20: N/A | M20: 320
A21: =Bio!A21 -> Matthew Siskowski | B21: 46143 | C21: 1 | D21: 159 | E21: 25.4 | F21: 28.8 | G21: 25.3 | H21: 20.2 | I21: 27.3 | J21: N/A | K21: N/A | L21: N/A | M21: N/A
A22: =Bio!A22 -> Linkyn Fuller | B22: 46151 | C22: 1 | D22: 156 | E22: 26.9 | F22: 30.6 | G22: 27.3 | H22: 21.8 | I22: 28 | J22: N/A | K22: N/A | L22: N/A | M22: 331
A23: =Bio!A23
A24: =Bio!A24
A25: =Bio!A25
A26: =Bio!A26
A27: =Bio!A27
A28: =Bio!A28
A29: =Bio!A29
A30: =Bio!A30
A31: =Bio!A31
A32: =Bio!A32
A33: =Bio!A33
A34: =Bio!A34
... A48: =Bio!A48

Sheet Pitching
A1: Athlete | B1: Date | C1: FB Velo (Max) | D1: FB Velo (Avg) | E1: Pitch 1 | F1: Pitch 2 | G1: Pitch 3 | H1: Pitch 4 | I1: Pitch 5 | J1: Strengths | K1: Weaknesses | L1: Goals
A2: =Bio!A2 -> Matthew Heredia | B2: 46084 | C2: 88 | E2: 4S | F2: SL | G2: CH | H2: N/A | I2: N/A | J2: Competitive | K2: Inexperienced | L2: Contribute for Southlake on the mound this season, stay healthy
A3: =Bio!A3 -> Jason Drew | B3: 46090 | C3: 74 | E3: 4S | F3: SL | G3: CB | H3: CH | I3: N/A | J3: Competitive | K3: Velocity, taking criticism | L3: Gain velocity, improve command, better mechanics
A4: =Bio!A4 -> Josh Jacob | B4: 46048 | C4: 84 | D4: 81 | E4: 4S | F4: SK | G4: CB | H4: CH | I4: N/A | J4: Command | K4: Velocity | L4: increase velocity
A5: =Bio!A5 -> Collin Vaughan | B5: 46055 | C5: 89 | D5: 86 | E5: 4S | F5: 2S | G5: CH | H5: SW | I5: CB | J5: Competitive | K5: Velocity, stuff | L5: increase velocity
A6: =Bio!A6 -> Harrison Coneway | B6: 45960 | C6: 85 | D6: 81 | E6: 4S | F6: SL | G6: CH | H6: N/A | I6: N/A | J6: Cerebral, command | K6: Consistency, velocity | L6: increase velocity, have colleges reaching out
A7: =Bio!A7 -> Vince Long | B7: 45958 | C7: 91 | D7: 86 | E7: 2S | F7: 4S | G7: CH | H7: CB | I7: SL | J7: Competitive/Bulldog | K7: late arm, inexperience | L7: hit 90 more consistently while healthy, eventually sit low 90s
A8: =Bio!A8 -> Noah Satine | B8: 45955 | C8: 87 | D8: 84 | E8: 4S | F8: SL | G8: CB | H8: CH | I8: N/A | J8: Strike thrower, wants the ball | K8: velocity, tendency to get hit around | L8: improve mechanics for velo, range of motion, hit 90 MPH
A9: =Bio!A9 -> Ford Stratton | B9: 45972 | C9: 81 | D9: 78 | E9: 4S | F9: 2S | G9: SPL | H9: SL | I9: N/A | J9: Competitive | K9: overthinker, inconsistent delivery | L9: Sit low 80s, more consistency with all pitches, sit 83-85 in a year
A10: =Bio!A10 -> Jack Snakenberg | B10: 45962 | C10: 88 | D10: 85 | E10: 4S | F10: 2S | G10: CH | H10: CB | I10: N/A | J10: Cerebral, command | K10: Velocity, moving fast | L10: Hit 90, commit to a school
A11: =Bio!A11 -> Koji Paul (Hitter) | B11: N/A | C11: N/A | D11: N/A | E11: N/A | F11: N/A | G11: N/A | H11: N/A | I11: N/A | J11: Driving ball oppo/up the middle, FBs middle/away, hits velo well | K11: Posture, leaning back on inside pitches, stopping swing early instead of fully finishing | L11: improve exit velocity, pull the ball in the air
A12: =Bio!A12 -> Preston Steeno | B12: 45966 | C12: 82 | D12: 74 | E12: 4S | F12: CH | G12: SL | H12: CB | I12: N/A | J12: aggressive mentality, bulldog | K12: Velocity, inconsistent mechanics, leaky front side | L12: Improve mechanics, consistency, velo, be ready for college ball
A13: =Bio!A13 -> Andy Torres | B13: 45966 | C13: 83 | D13: 80 | E13: FB | F13: CB | G13: CH | H13: N/A | I13: N/A | J13: Range of motion, competitive, likes controlling the game | K13: Velocity, engaging lower half | L13: Sit 85, consistency with changeup, becoming more of a "pitcher"
A14: =Bio!A14 -> Mason Duncan | B14: 46008 | C14: 92 | D14: 88 | E14: 4S | F14: 2S | G14: SL | H14: CH | J14: Velo, deception, extension, control, slider for strike | K14: Changeup, command, erratic with slide step, tendency to get too rotational | L14: Consistent 4 pitch mix, sustain and increase velo
A15: =Bio!A15 -> Donnie Hooten | B15: 45992 | C15: 85 | D15: 82 | E15: 4S | F15: SL | G15: CH | J15: Strong competitor/athlete | K15: Velo, inexperience pitching | L15: Gain velocity.
A16: =Bio!A16 -> Lucas Arnold | B16: 46035 | C16: 83 | D16: 80 | E16: 4S | F16: SL | G16: CH | H16: N/A | I16: N/A | J16: Strike thrower, projectability, easy mechanics, bulldog | K16: Velocity, tendency to start moving too fast/get sped up
A17: =Bio!A17 -> Blake Lyle | B17: 46120 | C17: 88 | D17: 84 | E17: 4S | F17: SNK | G17: SL | H17: CB | I17: CH | J17: Staying positive, adjustability | K17: Overthinking | L17: Hit 90, 65% strikes; stay healthy/consistent; play D1
A18: =Bio!A18 -> Caleb Hunter | C18: 72 | E18: FB | F18: SL | G18: CB | H18: CH | I18: N/A | J18: N/A | K18: N/A | L18: N/A
A19: =Bio!A19 -> Zander Zangoei | C19: 80 | E19: 4S | F19: 2S | G19: SL | H19: CH | I19: N/A | J19: Command | K19: Making adjustments mid game | L19: Short: velo up to 82; Medium: on varsity by junior year; Long: play college baseball
A20: =Bio!A20 -> Blake Stewart | C20: 80 | E20: FB | F20: CH | G20: SL | H20: N/A | I20: N/A | J20: Velocity, movement on pitches | K20: Command, overthinking | L20: Short: put on weight, improve command, feel more confident; Long: play college baseball
A21: =Bio!A21 -> Matthew Siskowski | C21: N/A | D21: N/A | E21: N/A | F21: N/A | G21: N/A | H21: N/A | I21: N/A | J21: Mental toughness | K21: Velocity, command, offspeed for strikes | L21: N/A
A22: =Bio!A22 -> Linkyn Fuller | B22: 46151 | C22: 83 | D22: N/A | E22: 2S | F22: SL | G22: CB | H22: CH | I22: KN
A23: =Bio!A23
A24: =Bio!A24
A25: =Bio!A25
A26: =Bio!A26
A27: =Bio!A27
A28: =Bio!A28
A29: =Bio!A29
A30: =Bio!A30
A31: =Bio!A31
A32: =Bio!A32
A33: =Bio!A33
A34: =Bio!A34
... A44: =Bio!A44

Sheet Arm Care
A1: Athlete | B1: Date | C1: Body Weight | D1: IR | E1: ER | F1: Scaption | G1: Grip | H1: Total Score
A2: =Bio!A2 -> Matthew Heredia | B2: N/A | C2: N/A | D2: N/A | E2: N/A | F2: N/A | G2: N/A | H2: N/A
A3: =Bio!A3 -> Jason Drew | B3: 46090 | C3: 165 | D3: 35.9 | E3: 32.8 | F3: 26.2 | G3: 31.3 | H3: =((sum(D3:G3)/C3)*100) -> 76.484848
A4: =Bio!A4 -> Josh Jacob | B4: 46048 | C4: 150 | D4: 47.6 | E4: 34.8 | F4: 31.4 | G4: 37.9 | H4: =((sum(D4:G4)/C4)*100) -> 101.13333
A5: =Bio!A5 -> Collin Vaughan | B5: 46055 | C5: 190 | D5: 51.3 | E5: 46.1 | F5: 31.6 | G5: 52.4 | H5: =((sum(D5:G5)/C5)*100) -> 95.473684
A6: =Bio!A6 -> Harrison Coneway | B6: 46008 | C6: 170 | D6: 43.8 | E6: 29.5 | F6: 28.5 | G6: 35.7 | H6: =((sum(D6:G6)/C6)*100) -> 80.882353
A7: =Bio!A7 -> Vince Long | B7: 46000 | C7: 195 | D7: 55 | E7: 44 | F7: 30.6 | G7: 34.8 | H7: =((sum(D7:G7)/C7)*100) -> 84.307692
A8: =Bio!A8 -> Noah Satine | B8: 45955 | C8: 167 | D8: 45.5 | E8: 39.6 | F8: 30.8 | G8: 44 | H8: =((sum(D8:G8)/C8)*100) -> 95.748503
A9: =Bio!A9 -> Ford Stratton | B9: 45972 | C9: 180 | D9: 37.1 | E9: 29.9 | F9: 20.5 | G9: 27.6 | H9: =((sum(D9:G9)/C9)*100) -> 63.944444
A10: =Bio!A10 -> Jack Snakenberg | B10: 45962 | C10: 210 | D10: 62 | E10: 40 | F10: 32.7 | G10: 36.5 | H10: =((sum(D10:G10)/C10)*100) -> 81.52381
A11: =Bio!A11 -> Koji Paul (Hitter) | B11: N/A | C11: N/A | D11: N/A | E11: N/A | F11: N/A | G11: N/A | H11: =((sum(D11:G11)/C11)*100) -> #VALUE!
A12: =Bio!A12 -> Preston Steeno | B12: N/A | C12: N/A | D12: N/A | E12: N/A | F12: N/A | G12: N/A | H12: =((sum(D12:G12)/C12)*100) -> #VALUE!
A13: =Bio!A13 -> Andy Torres | B13: 46000 | C13: 166 | D13: 33 | E13: 30 | F13: 31 | G13: 37 | H13: =((sum(D13:G13)/C13)*100) -> 78.915663
A14: =Bio!A14 -> Mason Duncan | B14: N/A | C14: N/A | D14: N/A | E14: N/A | F14: N/A | G14: N/A | H14: =((sum(D14:G14)/C14)*100) -> #VALUE!
A15: =Bio!A15 -> Donnie Hooten | B15: N/A | C15: N/A | D15: N/A | E15: N/A | F15: N/A | G15: N/A | H15: =((sum(D15:G15)/C15)*100) -> #VALUE!
A16: =Bio!A16 -> Lucas Arnold | B16: 46021 | C16: 184 | D16: 46.3 | E16: 46.9 | F16: 33 | G16: 31.1 | H16: =((sum(D16:G16)/C16)*100) -> 85.48913
A17: =Bio!A17 -> Blake Lyle | B17: 46120 | C17: 150 | D17: 31.8 | E17: 27 | F17: 23 | G17: 25 | H17: =((sum(D17:G17)/C17)*100) -> 71.2
A18: =Bio!A18 -> Caleb Hunter | B18: 46143 | C18: 142 | D18: 24.8 | E18: 33.9 | F18: 26 | G18: 23.1 | H18: =((sum(D18:G18)/C18)*100) -> 75.915493
A19: =Bio!A19 -> Zander Zangoei | C19: N/A | D19: N/A | E19: N/A | F19: N/A | G19: N/A | H19: =((sum(D19:G19)/C19)*100) -> #VALUE!
A20: =Bio!A20 -> Blake Stewart | C20: N/A | D20: N/A | E20: N/A | F20: N/A | G20: N/A | H20: =((sum(D20:G20)/C20)*100) -> #VALUE!
A21: =Bio!A21 -> Matthew Siskowski | B21: 46143 | C21: 159 | D21: 43.1 | E21: 42.2 | F21: 28.4 | G21: 29.4 | H21: =((sum(D21:G21)/C21)*100) -> 90
A22: =Bio!A22 -> Linkyn Fuller | B22: 46151 | C22: 156 | D22: N/A | E22: N/A | F22: N/A | G22: N/A | H22: =((sum(D22:G22)/C22)*100) -> 0
A23: =Bio!A23 | H23: =((sum(D23:G23)/C23)*100) -> #DIV/0!
A24: =Bio!A24 | H24: =((sum(D24:G24)/C24)*100) -> #DIV/0!
A25: =Bio!A25 | H25: =((sum(D25:G25)/C25)*100) -> #DIV/0!
A26: =Bio!A26 | H26: =((sum(D26:G26)/C26)*100) -> #DIV/0!
A27: =Bio!A27 | H27: =((sum(D27:G27)/C27)*100) -> #DIV/0!
A28: =Bio!A28

Sheet Context
A1: Athlete | B1: Context 1 | C1: Context 2 | D1: Context 3 | E1: Context 4 | F1: Context 5
A2: =Bio!A2 -> Matthew Heredia | B2: Threw 50+ innings in 8th grade | C2: Up to 87 summer going into freshman year | D2: Primarily a MIF but wants to get back to pitching | E2: Has trained at A.P.E. And with Dechant in the past | F2: N/A
A3: =Bio!A3 -> Jason Drew | B3: Also wrestles at Flower Mound | C3: Lessons with Jared Sanridge | D3: Trains at school | E3: N/A | F3: N/A
A4: =Bio!A4 -> Josh Jacob | B4: Gained 20 pounds (went from 130-150) and saw no velo increase | C4: went to Texas Baseball Ranch in November--told him forearm flyout and back leg drive | D4: worked with Tyler Winfield before Nomad | E4: Worked out with Nick Daley out of Rockwall | F4: N/A
A5: =Bio!A5 -> Collin Vaughan | B5: Has trained at PWR Lab for the past 2 years | C5: Trained with Jake at The Vault until recently | D5: Recently got up to 89 in live ABs but have not hit 90 yet | E5: Pitched with Bodzin freshman year | F5: been working a lot on mobility recently
A6: =Bio!A6 -> Harrison Coneway | B6: Played varsity as a freshman last year | C6: Has done marching band, this will be the last year—plays bass drum | D6: Pitching Lessons: Bradley Eli at Tigers facility in Prosper for two years | E6: Very literal — his words, discus in HS | F6: N/A
A7: =Bio!A7 -> Vince Long | B7: Committed to Cisco College (2-way) | C7: Didn't pitch much junior year | D7: Did STRIKE program a couple years ago | E7: N/A | F7: N/A
A8: =Bio!A8 -> Noah Satine | B8: Hip issues (low left back/high hip), mostly feels when pitching | C8: Crohn's Disease, had surgery to remove part of his ileum freshman year | D8: Iron deficiency, takes iron supplements | E8: Recent sleep issues | F8: Does not get along well with Argyle head coach
A9: =Bio!A9 -> Ford Stratton | B9: Overthinker, has ADHD, needs simple thoughts on the mound | C9: Went to Texas Baseball Ranch this past summer | D9: Has/had pitching lessons weekly w/ David Bodzin | E9: Very learned throw | F9: Consistent low back pain/tightness
A10: =Bio!A10 -> Jack Snakenberg | B10: Plays QB for Argyle | C10: Recruiting conversations with DBU/Northwestern, mostly set on D1, open to elite JUCO | D10: Trained at PMT last year, went to ZL in summer | E10: N/A | F10: N/A
A11: =Bio!A11 -> Koji Paul (Hitter) | B11: Trained with Jake Johansen for year and a half, gained 30 lbs | C11: Bad throwing mechanics | D11: Tight hips, limited hip IR | E11: N/A | F11: N/A
A12: =Bio!A12 -> Preston Steeno | B12: Poor diet, lots of junk food and soda | C12: Trained at STRIKE for past 3 years | D12: Inconsistent sleep schedule, needs a YouTube video or white noise | E12: History of spondi | F12: Works at Main Event 8-20 hours a week
A13: =Bio!A13 -> Andy Torres | B13: Plateaued in velo since summer | C13: Put on ~10 lbs since beginning of school year | D13: Played 4 sports in middle school | E13: Lifts everyday | F13: Low back tightness from time to time
... A16: =Bio!A16 -> Lucas Arnold | B16: Plays QB for Liberty Christian | C16: Lessons with Ryan Sullins in past, now Linty Ingram | D16: Trains at PMT performance | E16: No real injury history | F16: N/A
A17: =Bio!A17 -> Blake Lyle | B17: 8-9 varsity appearances for Walnut Grove as a freshman | C17: Has 3 brothers, zero baseball experience in family | D17: Lessons once a week with Jake Jackson | E17: No real injury history
A18: =Bio!A18 -> Caleb Hunter | B18: Plays football, will play at Marcus | C18: Plays for Impact select — tournaments through end of June | D18: Plays 2B when not pitching | E18: Pitching lessons with Kyle Abbott at D-Bat; Hitting lessons with Frank at Train Station in Argyle; PC at middle school | F18: N/A
A19: =Bio!A19 -> Zander Zangoei | B19: More pitcher than hitter; January 9 birthday | C19: Played basketball until HS | D19: Pitching lessons with Kyle Abbott from 9-current — worked on using lower body better to take tension off elbow and shoulder | E19: Hitting lessons with Brendan at D-Bat; Personal trainer Jose | F19: Mentality: in the middle
A20: =Bio!A20 -> Blake Stewart | B20: Played basketball growing up | C20: Works out at Train PMT (for a year); school workouts | D20: Pitching lessons with Kyle Abbott for a long time | E20: CH is best pitch | F20: N/A
A21: =Bio!A21 -> Matthew Siskowski | B21: Dad played college baseball at UT Pan-Am (now UTRGV) | C21: Works out on own; hitting lessons with Chad Treadaway in Haslet | D21: Never done any formal training | E21: Plays for NTX Titans (coach: Gallegos) | F21: N/A
A22: =Bio!A22 -> Linkyn Fuller
A23: =Bio!A23
A24: =Bio!A24
A25: =Bio!A25
A26: =Bio!A26
A27: =Bio!A27
A28: =Bio!A28
A29: =Bio!A29
A30: =Bio!A30
A31: =Bio!A31
A32: =Bio!A32
A33: =Bio!A33
... A49: =Bio!A49

Sheet Injuries
A1: Athlete | B1: Injury 1 | C1: Injury 1 Date | D1: Injury 1 Recovery | E1: Injury 2 | F1: Injury 2 Date | G1: Injury 2 Recovery | H1: Injury 3 | I1: Injury 3 Date | J1: Injury 3 Recovery
A2: =Bio!A2 -> Matthew Heredia | B2: Partial UCL tear | C2: 45778 | D2: Rest, rehab at TMI | E2: Tennis elbow | F2: 2023 | G2: Rest | H2: N/A | I2: N/A | J2: N/A
A3: =Bio!A3 -> Jason Drew | B3: Growth plate fracture R shoulder | C3: 45047 | D3: Rest | E3: Stress fracture R elbow | F3: 45047 | G3: Rest | H3: Seaver's in heel of left foot | I3: Current | J3: Uncertain
A4: =Bio!A4 -> Josh Jacob | B4: R elbow growth plate injury | C4: 44713 | D4: Rest, rehab | E4: Pulled quad | F4: 45323 | G4: Rest | H4: N/A | I4: N/A | J4: N/A
A5: =Bio!A5 -> Collin Vaughan | B5: L5 fracture | C5: 45078 | D5: rest, rehab | E5: N/A | F5: N/A | G5: N/A | H5: N/A | I5: N/A | J5: N/A
A6: =Bio!A6 -> Harrison Coneway | B6: Nagging shoulder pain | C6: 45444 | D6: Rest | E6: N/A | F6: N/A | G6: N/A | H6: N/A | I6: N/A | J6: N/A
A7: =Bio!A7 -> Vince Long | B7: Sprained UCL | C7: 45809 | D7: Rest, saw Meister | E7: Elbow pain/tendinitis | F7: 45717 | G7: Rest | H7: N/A | I7: N/A | J7: N/A
A8: =Bio!A8 -> Noah Satine | B8: High hip/low back issues | C8: 45352 | D8: PT | E8: Ileum surgery - Crohn's Disease | F8: 45261 | G8: Rest | H8: N/A | I8: N/A | J8: N/A
A9: =Bio!A9 -> Ford Stratton | B9: Broken right fibula, dropped weight on leg doing stepups | C9: 43831 | D9: Full rehab | E9: Consistent low back discomfort | F9: 46082 | G9: Soft tissue work | H9: Medial elbow soreness (time to time) | I9: 46082 | J9: Rest
A10: =Bio!A10 -> Jack Snakenberg | B10: Evulsion fracture in spring 2025 while running to 1B | C10: 45717 | D10: Crutches, rest, rehab | E10: Growth plate fracture | F10: 44197 | G10: Rest | H10: N/A | I10: N/A | J10: N/A
A11: =Bio!A11 -> Koji Paul (Hitter) | B11: Strained left calf | C11: 45809 | D11: Rest | E11: Strained right hip flexor | F11: 45778 | G11: Rest | H11: N/A | I11: N/A | J11: N/A
A12: =Bio!A12 -> Preston Steeno | B12: Right meniscus tear | C12: 45597 | D12: Rehab, no issues since | E12: Spondi | F12: 44562 | G12: N/A | H12: Ongoing anterior shoulder/bicep attachment soreness | I12: 46082 | J12: N/A
A13: =Bio!A13 -> Andy Torres | B13: Torn left hamstring (high lateral attachment) | C13: 45292 | D13: Full rehab | E13: Broke both arms (left twice, right once) | F13: 42370 | G13: Rehab | H13: Occasional low back tightness | I13: 46082 | J13: N/A
A14: =Bio!A14 -> Mason Duncan | B14: Right shoulder growth plate stress fracture | C14: 45689 | D14: 2 months off, PT | E14: Left hamstring apothesitis | F14: 46082 | G14: N/A | H14: N/A | I14: N/A | J14: N/A
A15: =Bio!A15 -> Donnie Hooten | B15: Right hip overuse/inflammation | C15: 44562 | D15: Rest, limited mobility in right hip | E15: N/A | F15: N/A | G15: N/A | H15: N/A | I15: N/A | J15: N/A
A16: =Bio!A16 -> Lucas Arnold | B16: Occasional soreness in lateral shoulder | C16: 46082 | D16: N/A | E16: N/A | F16: N/A | G16: N/A | H16: N/A | I16: N/A | J16: N/A
A17: =Bio!A17 -> Blake Lyle | B17: None
A18: =Bio!A18 -> Caleb Hunter | B18: Fractured toe | C18: Basketball (past year) | D18: N/A | E18: General bicep soreness from throwing | F18: Current | G18: N/A | H18: N/A | I18: N/A | J18: N/A
A19: =Bio!A19 -> Zander Zangoei | B19: Shoulder flare up | C19: Spring 2025 (Jan/Feb) | D19: N/A | E19: R elbow growth plate injury | F19: 2023 | G19: N/A | H19: N/A | I19: N/A | J19: N/A
A20: =Bio!A20 -> Blake Stewart | B20: None | C20: N/A | D20: N/A | E20: N/A | F20: N/A | G20: N/A | H20: N/A | I20: N/A | J20: N/A
A21: =Bio!A21 -> Matthew Siskowski | B21: None | C21: N/A | D21: N/A | E21: N/A | F21: N/A | G21: N/A | H21: N/A | I21: N/A | J21: N/A
A22: =Bio!A22 -> Linkyn Fuller | B22: Two vertebral fractures, out 6 months (in PC) | C22: Fall 2025 | D22: came back right before | E22: N/A | F22: N/A | G22: N/A | H22: N/A | I22: N/A | J22: N/A
A23: =Bio!A23
A24: =Bio!A24
A25: =Bio!A25
A26: =Bio!A26
A27: =Bio!A27
A28: =Bio!A28
A29: =Bio!A29
A30: =Bio!A30
A31: =Bio!A31
A32: =Bio!A32
A33: =Bio!A33
A34: =Bio!A34
... A40: =Bio!A40

Sheet MSSPosture
A1: Athlete | B1: Observation 1 | C1: Observation 2 | D1: Observation 3 | E1: Observation 4 | F1: Observation 5 | G1: Observation 6
A2: =Bio!A2 -> Matthew Heredia | B2: limited dorsiflexion bilateral | C2: R elbow limited extension (slight) | D2: N/A | E2: N/A | F2: N/A | G2: N/A
A3: =Bio!A3 -> Jason Drew | B3: L hip higher (significant) | C3: R femur ER | D3: ankles in plantar flexion (bilateral) | E3: Loose shoulders | F3: N/A | G3: N/A
A4: =Bio!A4 -> Josh Jacob | B4: stuck in R lateral flexion | C4: can't hold rotation | D4: no decel fascial sling | E4: N/A | F4: N/A | G4: N/A
A5: =Bio!A5 -> Collin Vaughan | B5: tight everywhere but it seems neurological; very guarded in joints | C5: stuck in extension | D5: Square 1 helped increase mobility right away--can use this in the future | E5: N/A | F5: N/A | G5: N/A
A6: =Bio!A6 -> Harrison Coneway | B6: L femur ER | C6: Head tilt R | D6: Rotated L | E6: R shoulder limited IR | F6: R hip limited IR | G6: tight hip flexors
A7: =Bio!A7 -> Vince Long | B7: L leg ER + abduction | C7: stuck in extension | D7: N/A | E7: N/A | F7: N/A | G7: N/A
A8: =Bio!A8 -> Noah Satine | B8: R Hip limited IR | C8: limited shoulder IR bilateral | D8: strong in positions, weaker moving in and out of positions | E8: N/A | F8: N/A | G8: N/A
A9: =Bio!A9 -> Ford Stratton | B9: flat feet--varus | C9: loose jointed | D9: limited core stability | E9: N/A | F9: N/A | G9: N/A
A10: =Bio!A10 -> Jack Snakenberg | B10: Trunk rotated R | C10: R leg longer | D10: Head rotated R | E10: Limited Hip IR bilateral | F10: L elbow limited extension (slight) | G10: Limited shoulder IR bilateral
A11: =Bio!A11 -> Koji Paul (Hitter) | B11: Tight hips, limited IR | C11: R hamstring tight (significant) | D11: stuck in plantar flexion | E11: limited spine extension | F11: N/A | G11: N/A
A12: =Bio!A12 -> Preston Steeno
A13: =Bio!A13 -> Andy Torres
A14: =Bio!A14 -> Mason Duncan | B14: Pelvis rotated right, trunk rotated left | C14: Right hip ER | D14: Left ankle pronation | E14: Laterally flexed R | F14: Right scap abducted | G14: Protruding abdomen, flat pelvis, sticks out
A15: =Bio!A15 -> Donnie Hooten
A16: =Bio!A16 -> Lucas Arnold
A17: =Bio!A17 -> Blake Lyle | B17: Right hip higher and in ER | C17: Pelvis rotated left | D17: Loose shoulders, tight lower half | E17: Stuck in extension, rib flare, poor breathing pattern
A18: =Bio!A18 -> Caleb Hunter
A19: =Bio!A19 -> Zander Zangoei | B19: Left leg longer | C19: Left lateral flexion | D19: Trunk rotated right | E19: Pelvis rotated left | F19: Left hip lower ROM; Left hip limited IR | G19: Limited R elbow extension (growth plate surgery); Motor shoulder posture rotated right (observe)
A20: =Bio!A20 -> Blake Stewart | B20: R Hip ER | C20: Trunk rotated R | D20: L hip hike / R hip lower | E20: R lateral flexion | F20: Tight lower half — hamstrings, hips; Limited IR bilateral | G20: Shoulders sticky but moderately loose; Limited shoulder IR bilateral
A21: =Bio!A21 -> Matthew Siskowski
A22: =Bio!A22 -> Linkyn Fuller
A23: =Bio!A23
A24: =Bio!A24
A25: =Bio!A25
A26: =Bio!A26
A27: =Bio!A27
A28: =Bio!A28
A29: =Bio!A29
A30: =Bio!A30
A31: =Bio!A31
A32: =Bio!A32
... A81: =Bio!A81

Sheet Athlete Plan
A1: Athlete | B1: Body | C1: Performance | D1: Pitching
A2: =Bio!A2 -> Matthew Heredia | B2: Bulletproof arm | C2: add strength, keep athletic qualities | D2: clean up arm action, learn to relax into the throw; stay tall on back leg (back extension leg aerial), low 3/4 arm slot (horizontal)
A3: =Bio!A3 -> Jason Drew | B3: Spine work (t-spine specific), shoulder stability | C3: strength, power, speed | D3: use front motor shoulder, need to find optimal back leg depth, better direction (strides open), play around with arm slot
A4: =Bio!A4 -> Josh Jacob | B4: work on rotation and deceleration | C4: needs everything | D4: does a lot of things really well; needs to shorten stride and not do so much with back leg; definitely need to work on decel pattern (pimp the finish)
A5: =Bio!A5 -> Collin Vaughan | B5: Have to get the mind and the body to relax. Stuck in a state of anxiety and extension. Need to get more terrestrial. Create more rhythm and fluidity in movements | C5: Trains at PWR Lab--needs more flexion | D5: Lowered the arm slot to match horizontal preference; get front foot down sooner and not try to stride far; need to improve decel pattern; overall goal is to become more fluid with everything
A6: =Bio!A6 -> Harrison Coneway | B6: work on upper body strength, t-spine mobility | C6: well rounded training plan with respect to him being aerial associated; have to be careful with heavy compound lifts and find ways to drive strength without loading the spine | D6: stay tall on back side, utilize flexion/extension of the spine, improve direction to the plate
A7: =Bio!A7 -> Vince Long | B7: Bulletproof arm | C7: needs to learn how to hold the ground; variability, rhythm work | D7: arm action: get arm to spiral and catch deeper; need to improve decel pattern
A8: =Bio!A8 -> Noah Satine | B8: increase spine mobility, bulletproof the shoulder | C8: more aerial | D8: keep trunk/pelvis stacked (shoots into early hip extension); utilize front motor shoulder to pull down into rotation; timing!!
A9: =Bio!A9 -> Ford Stratton | B9: needs a ton of stability work | C9: well rounded training plan; needs overall stability and athleticism along with strength/output; more aerial | D9: need to find his natural throw; lots of athletic throwing and variability throwing; simplify the thoughts, not so mechanical
A10: =Bio!A10 -> Jack Snakenberg | B10: shed some body fat, improve spine mobility | C10: more output | D10: arm action: gets pushy at times, need to work on loose flip up and getting arm to catch deeper; lower half depth
A11: =Bio!A11 -> Koji Paul (Hitter) | B11: put on weight | C11: strength, power | D11: Hitting: play into axial motor preference; needs to get the ball more out front, work on pulling ball in the air; right motor shoulder punch through contact, one hand finish
A12: =Bio!A12 -> Preston Steeno | B12: clean up diet
A13: =Bio!A13 -> Andy Torres
A14: =Bio!A14 -> Mason Duncan
A15: =Bio!A15 -> Donnie Hooten
A16: =Bio!A16 -> Lucas Arnold
A17: =Bio!A17 -> Blake Lyle
A18: =Bio!A18 -> Caleb Hunter
A19: =Bio!A19 -> Zander Zangoei
A20: =Bio!A20 -> Blake Stewart
A21: =Bio!A21 -> Matthew Siskowski
A22: =Bio!A22 -> Linkyn Fuller
A23: =Bio!A23
A24: =Bio!A24
... A75: =Bio!A75

Sheet Coaches Notes
A1: Name | B1: Date 1 | C1: Notes | D1: Video | E1: Date 2 | F1: Notes | G1: Video | H1: Date 3 | I1: Notes | J1: Video
A2: =Bio!A2 -> Matthew Heredia
A3: =Bio!A3 -> Jason Drew
A4: =Bio!A4 -> Josh Jacob | B4: 46048 | C4: eval day--infield throws to see natural slot and axial or large--horizontal for sure, looks axial | D4: https://drive.google.com/file/d/1IQwPU7XXCBquNnaENoK0BTRCbxYN_E9m/view?usp=sharing | E4: 46050 | F4: First session after eval--worked on staying taller on back leg, staying closed, rotating late, direction | G4: https://drive.google.com/file/d/1zmZAIx4nkgR5OQ2OeylSGa_GgzIfaC04/view?usp=sharing | H4: 46055 | I4: good night on the mound--up to 82 in a pen for the first time in a while | J4: https://drive.google.com/file/d/1eYBEA3tFNHDyEmNbBUMG8VZnxoQK1Lsj/view?usp=sharing
A5: =Bio!A5 -> Collin Vaughan | B5: 46055 | C5: eval day--infield throws to stay loose and athletic and to find natural arm slot (horizontal) | D5: https://drive.google.com/file/d/1l2f37Dvkby9Ovs_cX8Z1puo-3IbsmSau/view?usp=sharing | E5: 46057 | F5: Worked on staying as relaxed as possible until footstrike. Trying to make velo feel as easy as possible | G5: https://drive.google.com/file/d/1vrifAcpbPUPFOVisaCjOAkg3i8RxcLLl/view?usp=sharing | H5: 46095 | I5: Worked on sticking the finish instead of letting the front foot spin; tight mover--stick it, not a recoil | J5: https://drive.google.com/file/d/1LX_nahowH7Q5Av39hwoMUyaJPDcpIfqp/view?usp=sharing
A6: =Bio!A6 -> Harrison Coneway
A7: =Bio!A7 -> Vince Long
A8: =Bio!A8 -> Noah Satine
A9: =Bio!A9 -> Ford Stratton
A10: =Bio!A10 -> Jack Snakenberg
A11: =Bio!A11 -> Koji Paul (Hitter)
A12: =Bio!A12 -> Preston Steeno
A13: =Bio!A13 -> Andy Torres
A14: =Bio!A14 -> Mason Duncan | B14: 46064 | C14: Keeping center of mass behind him as he moves forward; forward creep to redirection to feed the mistake | D14: https://drive.google.com/file/d/1oJjTV1VeKO52XxIc5f4xeOCDSup4Le-4/view?usp=sharing | E14: 46097 | F14: Stay closed--use front motor shoulder but don't overexaggerate it | G14: IMG_4271.MOV | H14: 46104 | I14: Back leg stability and pelvis stability on forward move; hurdle hop to stabilize back leg, work over hurdle to keep pelvis slightly tilted up | J14: https://drive.google.com/file/d/1cERq_QYOlFQiAFUbPc-EZhsD2rD-mJtz/view?usp=sharing
A15: =Bio!A15 -> Donnie Hooten
A16: =Bio!A16 -> Lucas Arnold
